Age Group,N,Mean AUROC
Under 40,5228,0.7073473355197628
40-60,7246,0.6927368096377485
Over 60,3652,0.6571185780905557
