기준,Threshold,Sensitivity,Specificity,PPV,NPV
Youden's J,0.4832742214202881,0.7335329341317365,0.5613524123084715,0.03415586226125749,0.9900614182021217
Sensitivity 90%,0.3543149530887604,0.9011976047904192,0.34836013676079525,0.028414991031813462,0.9940379403794037
Specificity 90%,0.6641853451728821,0.19461077844311378,0.9015448904647334,0.040123456790123455,0.9814585056520541
