View,N,Mean AUROC,Gap vs PA
PA,10005,0.6912944218555153,—
AP,6123,0.653393061112424,-3.8%
