Age Group,N,Mean AUROC
Under 40,5228,0.7936998221443782
40-60,7246,0.7916425549975383
Over 60,3652,0.7705152506496118
