기준,Threshold,Sensitivity,Specificity,PPV,NPV
Youden's J,0.3483213782310486,0.8892215568862275,0.7502849183234139,0.07003065314784249,0.9968873559350551
Sensitivity 90%,0.3014469742774963,0.9011976047904192,0.715778143598835,0.062839248434238,0.9970894337625683
Specificity 90%,0.67494136095047,0.6826347305389222,0.9013549449157908,0.1276595744680851,0.9926091200669362
