View,N,Mean AUROC,Gap vs PA
PA,10005,0.7856552526117689,—
AP,6123,0.7684148422884498,-1.7%
