Age Group,N,Mean AUROC
Under 40,5228,0.8140005694744123
40-60,7246,0.8223559307003915
Over 60,3652,0.8014371124019419
