기준,Threshold,Sensitivity,Specificity,PPV,NPV
Youden's J,0.5153627395629883,0.874251497005988,0.7954919589717614,0.08290743895513912,0.9966682532127559
Sensitivity 90%,0.4557529091835022,0.9011976047904192,0.7644675193111308,0.07485700074608306,0.9972743041215826
Specificity 90%,0.7531996965408325,0.6976047904191617,0.90129162973281,0.13002232142857142,0.9929547991071429
