View,N,Mean AUROC,Gap vs PA
PA,10005,0.814904877713532,—
AP,6123,0.8092610341652017,-0.6%
